vm_id,timestamp,cpu_usage,min_cpu,max_cpu
++mWTX5JTBLFP+99jRSRAdaQvfONXaEVeL9phiSGhNPenHutanL6vBEknpm+r9kF,2587800,0.9467443059405845,0.7828603736792104,1.0976151940448118
+0MPMDlA4GhzXpLdpntIOG+yHg7qynyzKfS2Dra/BRe+4E6iSjDmtEC12z394wbZ,2587800,19.5823252512188,17.45276704590362,23.68129243028945
++K1JA9Y3njfZbU+YKjTKAq5pr5g29e7V5DQDAEeIHJmTormu8GHCArAI7WKSjAN,2587800,7.106424411277901,5.872267412496836,11.316284715857394
+/+K1IB+TK3fT/agLMFqkV2/oW0GkblLMGp6zsIUSmIY10Ylf4WxO/gn2IqjimkH,2587800,94.39862660606973,93.35033000871918,95.27345866321151
+0PVzV2DIsPfP0jd821rGDyvHMeLLX3pn2dNrEZKDZ4GFQDjPbRW1noGEHwILKp2,2587800,5.831288270881196,3.31938217684423,9.250434420489016
+0SS2s1s0MLN3HhS3YSk8UzukY8f4LVwGRjxqe3sSzM6nIG3dCIy0Bk6VFX3pYjf,2587800,3.141676820134943,0.6882383506700464,11.573401336258655
+/ukM/mUlfiCHtfyu1q9CelblpLRazJjQgTyLGSFKCApJlrrtEJWDiS6Q/3RbzJ6,2587800,20.209963332181843,15.071856459852883,38.2428527271142
+0Jd+wdmj6dMot0AhPIWA+g1gOvE4IfCQ9YDlQ9zFal5GjTFUOidWBxMqsj91O7H,2587800,1.3808185850557562,0.894722890760486,2.6829855651423684
+0neyLjl/M7+LCIXzcbVgU1cI4ZoAOJSMoghcys5Lw41dl3GenPQo7RGb1ZqNUC4,2587800,4.85631419743041,1.2083187362430203,10.845135501781987
++FMR8J3q13OK/H1+i06f2dMu+HmeNpnPh8rUsLhm1RcCvvb0IyQw2Dd/unc+htF,2587800,0.2491236497259569,0.1569060802424989,0.5819916003391482
++ZSbZd5OJYsKufT38lazeV3bEVgYHMQuyGN3VawPvGypHCQ5Hnh4/09CYEnvzAJ,2587800,7.156668402373043,4.594007225725058,11.754964212966904
+/PZ1tRDQ/bKUUuRG5DzeNpwaDH5eJVKwo+q2tz4QBrZaDSKUHzEA57FZvmVQ5NN,2587800,9.936825297306235,4.688709634268115,46.4926604756696
++i+VfaDe6HijyLIg3HMC5tLQAPzBfheoY0OvfvtwJuNiLUCG33OEPX0hkL6Lxdy,2587800,1.8704865658403784,1.00463229411474,3.5038152110837606
+0Ae1sc/7s2Z9Ud/MGDY3WF8frcWDKhSejOJV39SzlYhMUGCquYlrz4ILtTgRltY,2587800,1.9079817375267103,1.5700635763935031,2.8454442299535843
+0KTCEXjQkx8/CbquVpWQa0163/6X4ZV/0yuh2KPFAoWcL2XKsDHLgSU5WpfTwkv,2587800,11.081211898043795,9.421096730072366,17.1878468251455
+0EZ1t8E1q2F38x5GoOiuaDhO9/V6q2Novw6tetJBu0jLcLkg/dD7fVEp3H6IlAG,2587800,4.078135712307425,1.3545346221431882,16.934224664938345
+0Ii9rjmLzvRD5zGmj58f8sVGdDdOezWrvNh08QbJrXKiAvDkIhQSdFlrJsnugGo,2587800,13.849695190889852,10.457678252440296,28.114418057901656
+0FzqM9WD5+bcjGPCyluiW95Mef+pCXuQ3LN+qDXfXdzyWzEVj6fEqacZ8GzgjIB,2587800,12.332890779245227,10.636247441262118,15.194911421142104
+014+PWQOfo9mfPNAh4yXaAjejfRUx7Rlei/rAKCtaDKep+rsyUrDQqz5XtRDJ0T,2588100,3.523046709233779,3.166061503060867,4.563334725956433
+0qjtAAokht4XhYVjr7HSlpGtATjeHRZpd8Xy2csGh/w5WHerXbjvQU4cMnU5SAv,2588100,1.2941650811666114,1.1000852347611163,1.6039587666537451
++hfw97Av2GRn4TKXSLPyrvMJUhVRfKqR1U9cGqYxYxP1G5Iz4AJIKvEIkvOIEQs,2588100,3.152645806899741,0.980923139351508,26.531935203928164
++AaWa93hwQ6GCEvcPYAtjETFHt7jzXugxuz5P4E9LMVMvSklMvqxfNgSs6qCDMP,2588100,51.967311715320925,49.89700255864865,55.35109057930728
++uhk8fzLlz4iZT/e31fwvAOoy7PCkWwsGKrZqaMFOMlhOWmfuXGCcgh3XStk4qB,2588100,6.627881713534713,5.681073768035147,7.778966978378125
++YaURSMRfxpiejMJAAQnqedXv+SD6/pbpXHeEL7Up+BMoYpIguytZY221O9w2MU,2588100,3.2261980242403783,2.5706246161791704,5.533741725572085
+0V83GAT9/LBkYPOTgs5quW2HLuJ4cOtPAPRxGvBzspzWX4M98ge++teHmxXa9O6,2588100,1.5892273981742548,1.256576352234256,2.380851184980484
+01lehW/X+qO9w+O82I35ZZiTeTOO4KvnldoFr/9MnWswezhlJT9yMUsqzU+gpM3,2588100,5.856461738480283,2.0018949658322747,14.727581425662295
++t/jzDcPUBC41YWESI+Kzbs0jcBetS/7Go/OVmWQzqwMVF7gd8KCBxqGq3tbgBH,2588100,13.38420075146952,8.914486206083298,35.07047074306214
++hDqVELyX1258m1wToTpHdRS6Nk/3mNWAyErIiCbBBFRJd/JXYXi/TNw2mYImrv,2588100,5.151897140902092,1.6208142915484491,31.528506678861884
+/wNG6dGKhTncqCVC2LWcBBqX5HprOc21L/R/WxyERmnvHB/AazZZMQXu0qd6wd3,2588100,4.906447622677342,4.057183684385563,6.2353491953208735
+/IBp5ZmpI52PY2knCTAV3ErhI9o1p9jsUmLtvoXCq1J8LT+JQbpwTyveZ+uekze,2588100,3.887124783069443,2.6243205891536814,5.141417721289447
++IOeOTxdVvZK/TL3+ywZwJFufqvwcEKJHGQOXkgyXLB0Or8CzGMozIQQ9z25Zmq,2588100,2.1781886836048465,1.914698238047723,2.680445334977448
+/cMkNVRW6Tc7r1FZDeTFVkR2OYbXq14BnCyKllT4ww3+Jv4yNdTTmxkel5e80Z4,2588100,0.5316668455967459,0.3034555720099777,4.371732706547255
+0Vl4Tkha3rkmtk0QGs+6PFlf2S4nUBIwvkrAi3Kp6NvHOLYhVhPnaSolR/QvzLa,2588100,7.266036946301653,5.955966010541333,10.2316997013598
+/rQnJNCAofELmyBsvvGkyvx2Jp5ndIxGrotgJFzots9hkMUBL3C1oDPYsrrI6Uj,2588100,1.0413562174734208,0.7885046427446414,1.878914303404548
+/Yy3DjKx86CbeN465zhsj0s/0z3q57TyJbIWz1kLbDKmLKjqg7G3ceotFZG3uyO,2588100,0.2540412406307178,0.1977348772866644,0.3374517198819282
+/0HALY9pQNcvgjdplrNrqayw4sCAL4yn2k6ln6nMsV+7gLwyRj8K5zLrk95JZgn,2588100,17.595737704449924,7.325254684515538,75.66548732242339
+/0SRtAF28BjF83a/LsJ5t9jNKdeYSvhBY5GZ2PNbKChzlzsWxqePjQR6o6KMqk3,2588100,9.233421734886337,6.3009249817445845,20.32794378795348
++mWTX5JTBLFP+99jRSRAdaQvfONXaEVeL9phiSGhNPenHutanL6vBEknpm+r9kF,2588100,1.0718391925251325,0.8064300349328698,2.0032213343721765
+0MPMDlA4GhzXpLdpntIOG+yHg7qynyzKfS2Dra/BRe+4E6iSjDmtEC12z394wbZ,2588100,19.348979309810744,17.75367880396563,23.705246360881308
++K1JA9Y3njfZbU+YKjTKAq5pr5g29e7V5DQDAEeIHJmTormu8GHCArAI7WKSjAN,2588100,7.234267534937518,5.857458075095233,10.848708161170736
+/+K1IB+TK3fT/agLMFqkV2/oW0GkblLMGp6zsIUSmIY10Ylf4WxO/gn2IqjimkH,2588100,94.28322556589036,93.21918920015038,95.39123223297274
+0PVzV2DIsPfP0jd821rGDyvHMeLLX3pn2dNrEZKDZ4GFQDjPbRW1noGEHwILKp2,2588100,4.696206739313771,2.915371429365135,9.387948206866124
+/ukM/mUlfiCHtfyu1q9CelblpLRazJjQgTyLGSFKCApJlrrtEJWDiS6Q/3RbzJ6,2588100,26.01553057540233,16.938465710009336,54.20314301225205
+0SS2s1s0MLN3HhS3YSk8UzukY8f4LVwGRjxqe3sSzM6nIG3dCIy0Bk6VFX3pYjf,2588100,3.36829010594455,0.7044473212773483,20.125547277289183
+0Jd+wdmj6dMot0AhPIWA+g1gOvE4IfCQ9YDlQ9zFal5GjTFUOidWBxMqsj91O7H,2588100,1.3437259391159284,0.8930186927631533,2.748907289260344
+0neyLjl/M7+LCIXzcbVgU1cI4ZoAOJSMoghcys5Lw41dl3GenPQo7RGb1ZqNUC4,2588100,3.4334117738347465,1.1840621248278227,6.55104197602371
++FMR8J3q13OK/H1+i06f2dMu+HmeNpnPh8rUsLhm1RcCvvb0IyQw2Dd/unc+htF,2588100,0.3149318009477514,0.162021932166183,1.1514277118714726
++ZSbZd5OJYsKufT38lazeV3bEVgYHMQuyGN3VawPvGypHCQ5Hnh4/09CYEnvzAJ,2588100,7.049503959618278,3.936892089536757,13.10586019792547
+/PZ1tRDQ/bKUUuRG5DzeNpwaDH5eJVKwo+q2tz4QBrZaDSKUHzEA57FZvmVQ5NN,2588100,5.582306197486429,4.525677444531375,7.170012920213663
++i+VfaDe6HijyLIg3HMC5tLQAPzBfheoY0OvfvtwJuNiLUCG33OEPX0hkL6Lxdy,2588100,1.7887148306338256,0.9751943584371464,3.4591161069739007
+0Ae1sc/7s2Z9Ud/MGDY3WF8frcWDKhSejOJV39SzlYhMUGCquYlrz4ILtTgRltY,2588100,1.7891964432462646,1.5847152444701311,1.9943739280274475
+0KTCEXjQkx8/CbquVpWQa0163/6X4ZV/0yuh2KPFAoWcL2XKsDHLgSU5WpfTwkv,2588100,11.457852539682795,9.87700949037982,15.278474928389576
+0EZ1t8E1q2F38x5GoOiuaDhO9/V6q2Novw6tetJBu0jLcLkg/dD7fVEp3H6IlAG,2588100,18.68534244710124,1.1561063500777278,90.54649498861566
+0Ii9rjmLzvRD5zGmj58f8sVGdDdOezWrvNh08QbJrXKiAvDkIhQSdFlrJsnugGo,2588100,12.783510910561242,10.720170055150902,15.507477567528865
+0FzqM9WD5+bcjGPCyluiW95Mef+pCXuQ3LN+qDXfXdzyWzEVj6fEqacZ8GzgjIB,2588100,12.458111442444686,10.558265798995569,15.21877200837185
+014+PWQOfo9mfPNAh4yXaAjejfRUx7Rlei/rAKCtaDKep+rsyUrDQqz5XtRDJ0T,2588400,3.53081500649869,3.165696530395744,4.55025869901918
+0qjtAAokht4XhYVjr7HSlpGtATjeHRZpd8Xy2csGh/w5WHerXbjvQU4cMnU5SAv,2588400,1.348180181296205,1.1705916197113988,2.13762016912282
++hfw97Av2GRn4TKXSLPyrvMJUhVRfKqR1U9cGqYxYxP1G5Iz4AJIKvEIkvOIEQs,2588400,1.76980550867573,1.0614529181038577,4.667501804160257
++AaWa93hwQ6GCEvcPYAtjETFHt7jzXugxuz5P4E9LMVMvSklMvqxfNgSs6qCDMP,2588400,50.60223869075001,48.9532915800602,51.40603538475991
++uhk8fzLlz4iZT/e31fwvAOoy7PCkWwsGKrZqaMFOMlhOWmfuXGCcgh3XStk4qB,2588400,7.075196661083709,5.44898222767034,10.606151336357206
++YaURSMRfxpiejMJAAQnqedXv+SD6/pbpXHeEL7Up+BMoYpIguytZY221O9w2MU,2588400,6.767630120430395,2.684006430023076,9.403071077634172
+0V83GAT9/LBkYPOTgs5quW2HLuJ4cOtPAPRxGvBzspzWX4M98ge++teHmxXa9O6,2588400,2.869236241818175,1.2986620104051172,10.369854157840228
++t/jzDcPUBC41YWESI+Kzbs0jcBetS/7Go/OVmWQzqwMVF7gd8KCBxqGq3tbgBH,2588400,16.636985564575212,7.874519249862683,46.51554399672566
+01lehW/X+qO9w+O82I35ZZiTeTOO4KvnldoFr/9MnWswezhlJT9yMUsqzU+gpM3,2588400,5.851123995497352,1.9759307298784543,13.398274272735488
++hDqVELyX1258m1wToTpHdRS6Nk/3mNWAyErIiCbBBFRJd/JXYXi/TNw2mYImrv,2588400,2.509456706749853,1.4873197444393906,6.677652998318385
+/wNG6dGKhTncqCVC2LWcBBqX5HprOc21L/R/WxyERmnvHB/AazZZMQXu0qd6wd3,2588400,5.14729043594357,3.9893616136917247,7.94994034419482
+/IBp5ZmpI52PY2knCTAV3ErhI9o1p9jsUmLtvoXCq1J8LT+JQbpwTyveZ+uekze,2588400,3.853172951933833,2.6044245093693488,5.440768742939301
++IOeOTxdVvZK/TL3+ywZwJFufqvwcEKJHGQOXkgyXLB0Or8CzGMozIQQ9z25Zmq,2588400,2.207501398711924,1.8039640554088232,2.746708994355866
+/cMkNVRW6Tc7r1FZDeTFVkR2OYbXq14BnCyKllT4ww3+Jv4yNdTTmxkel5e80Z4,2588400,0.4554941502861959,0.2776527968334114,0.9032426387141888
+0Vl4Tkha3rkmtk0QGs+6PFlf2S4nUBIwvkrAi3Kp6NvHOLYhVhPnaSolR/QvzLa,2588400,14.853697375817225,5.4389184995737,61.1825262453966
+/rQnJNCAofELmyBsvvGkyvx2Jp5ndIxGrotgJFzots9hkMUBL3C1oDPYsrrI6Uj,2588400,1.054080236255128,0.769811296601568,1.714998349443568
+/Yy3DjKx86CbeN465zhsj0s/0z3q57TyJbIWz1kLbDKmLKjqg7G3ceotFZG3uyO,2588400,0.2499735600093591,0.2043872199583747,0.3547226703198701
+/0HALY9pQNcvgjdplrNrqayw4sCAL4yn2k6ln6nMsV+7gLwyRj8K5zLrk95JZgn,2588400,20.404416455459085,12.999338204441122,43.506679156972986
+/0SRtAF28BjF83a/LsJ5t9jNKdeYSvhBY5GZ2PNbKChzlzsWxqePjQR6o6KMqk3,2588400,10.329434482547269,6.056490145263842,34.973065332677024
++mWTX5JTBLFP+99jRSRAdaQvfONXaEVeL9phiSGhNPenHutanL6vBEknpm+r9kF,2588400,0.9281766694715344,0.7798218942348701,1.0949402184886488
+0MPMDlA4GhzXpLdpntIOG+yHg7qynyzKfS2Dra/BRe+4E6iSjDmtEC12z394wbZ,2588400,19.3429761482201,17.81382161525456,22.94804643931981
++K1JA9Y3njfZbU+YKjTKAq5pr5g29e7V5DQDAEeIHJmTormu8GHCArAI7WKSjAN,2588400,8.558333236275145,5.986259192856745,12.584807736513628
+/+K1IB+TK3fT/agLMFqkV2/oW0GkblLMGp6zsIUSmIY10Ylf4WxO/gn2IqjimkH,2588400,94.23782929060668,93.25127195555604,94.99336446688616
+0PVzV2DIsPfP0jd821rGDyvHMeLLX3pn2dNrEZKDZ4GFQDjPbRW1noGEHwILKp2,2588400,3.668933952967691,2.615277020221876,5.720957601210592
+0SS2s1s0MLN3HhS3YSk8UzukY8f4LVwGRjxqe3sSzM6nIG3dCIy0Bk6VFX3pYjf,2588400,3.0125782701757906,0.6939608551886862,23.586884483493986
+/ukM/mUlfiCHtfyu1q9CelblpLRazJjQgTyLGSFKCApJlrrtEJWDiS6Q/3RbzJ6,2588400,21.189384194727005,15.629352807906152,39.06464193097143
+0Jd+wdmj6dMot0AhPIWA+g1gOvE4IfCQ9YDlQ9zFal5GjTFUOidWBxMqsj91O7H,2588400,1.3120120289430166,0.8243215055081023,2.691442295110217
+0neyLjl/M7+LCIXzcbVgU1cI4ZoAOJSMoghcys5Lw41dl3GenPQo7RGb1ZqNUC4,2588400,4.324053454925351,1.9399764304240097,8.163426703066959
++FMR8J3q13OK/H1+i06f2dMu+HmeNpnPh8rUsLhm1RcCvvb0IyQw2Dd/unc+htF,2588400,0.2394015051385517,0.1477256689830297,0.5227741250742468
++ZSbZd5OJYsKufT38lazeV3bEVgYHMQuyGN3VawPvGypHCQ5Hnh4/09CYEnvzAJ,2588400,6.442886904816057,4.349870525031043,10.271628250177276
+/PZ1tRDQ/bKUUuRG5DzeNpwaDH5eJVKwo+q2tz4QBrZaDSKUHzEA57FZvmVQ5NN,2588400,6.694829874019818,4.68399016077974,14.460308913079537
++i+VfaDe6HijyLIg3HMC5tLQAPzBfheoY0OvfvtwJuNiLUCG33OEPX0hkL6Lxdy,2588400,1.845225488459581,1.039991838999072,3.390343557573165
+0Ae1sc/7s2Z9Ud/MGDY3WF8frcWDKhSejOJV39SzlYhMUGCquYlrz4ILtTgRltY,2588400,1.9057703912452413,1.6165304869942332,3.004880545556998
+0KTCEXjQkx8/CbquVpWQa0163/6X4ZV/0yuh2KPFAoWcL2XKsDHLgSU5WpfTwkv,2588400,15.369706383191374,9.4045201779866,34.43573195460547
+0EZ1t8E1q2F38x5GoOiuaDhO9/V6q2Novw6tetJBu0jLcLkg/dD7fVEp3H6IlAG,2588400,82.39433094382697,46.13649923566392,95.8260986402981
+0Ii9rjmLzvRD5zGmj58f8sVGdDdOezWrvNh08QbJrXKiAvDkIhQSdFlrJsnugGo,2588400,16.507412788241986,10.942323779596377,39.226260296285325
+0FzqM9WD5+bcjGPCyluiW95Mef+pCXuQ3LN+qDXfXdzyWzEVj6fEqacZ8GzgjIB,2588400,12.378074288178151,10.84097509667231,14.593932297759611
+014+PWQOfo9mfPNAh4yXaAjejfRUx7Rlei/rAKCtaDKep+rsyUrDQqz5XtRDJ0T,2588700,3.4655875082198526,3.1455427738084176,4.589933902834562
+0qjtAAokht4XhYVjr7HSlpGtATjeHRZpd8Xy2csGh/w5WHerXbjvQU4cMnU5SAv,2588700,1.3365270622197398,1.120117835842953,1.8293535854124368
++hfw97Av2GRn4TKXSLPyrvMJUhVRfKqR1U9cGqYxYxP1G5Iz4AJIKvEIkvOIEQs,2588700,3.021101896073488,1.0114283956599863,21.06276579204936
++AaWa93hwQ6GCEvcPYAtjETFHt7jzXugxuz5P4E9LMVMvSklMvqxfNgSs6qCDMP,2588700,50.36906977882535,48.117682058580655,51.485601619977416
++uhk8fzLlz4iZT/e31fwvAOoy7PCkWwsGKrZqaMFOMlhOWmfuXGCcgh3XStk4qB,2588700,6.603584548741563,5.537820529752268,7.439205805697206
++YaURSMRfxpiejMJAAQnqedXv+SD6/pbpXHeEL7Up+BMoYpIguytZY221O9w2MU,2588700,7.270862592347805,2.6996713558351275,11.002350695689795
+0V83GAT9/LBkYPOTgs5quW2HLuJ4cOtPAPRxGvBzspzWX4M98ge++teHmxXa9O6,2588700,3.8390128217557615,1.2950789190940823,15.20102846140837
+01lehW/X+qO9w+O82I35ZZiTeTOO4KvnldoFr/9MnWswezhlJT9yMUsqzU+gpM3,2588700,8.32490345033968,0.7245670956897782,44.36196488041064
++t/jzDcPUBC41YWESI+Kzbs0jcBetS/7Go/OVmWQzqwMVF7gd8KCBxqGq3tbgBH,2588700,10.054189824844908,7.833126127425436,12.640721840663865
++hDqVELyX1258m1wToTpHdRS6Nk/3mNWAyErIiCbBBFRJd/JXYXi/TNw2mYImrv,2588700,5.0008660038012085,1.6765338305016195,59.52742644812206
+/wNG6dGKhTncqCVC2LWcBBqX5HprOc21L/R/WxyERmnvHB/AazZZMQXu0qd6wd3,2588700,6.887933870132928,4.169922208020064,10.423253479260138
+/IBp5ZmpI52PY2knCTAV3ErhI9o1p9jsUmLtvoXCq1J8LT+JQbpwTyveZ+uekze,2588700,3.662907545338159,2.6734394907558423,4.945710445848877
++IOeOTxdVvZK/TL3+ywZwJFufqvwcEKJHGQOXkgyXLB0Or8CzGMozIQQ9z25Zmq,2588700,2.104628485723504,1.9274049187880504,2.3331345320462296
+/cMkNVRW6Tc7r1FZDeTFVkR2OYbXq14BnCyKllT4ww3+Jv4yNdTTmxkel5e80Z4,2588700,0.4860269496028294,0.3267065556522962,1.1524906805232429
+0Vl4Tkha3rkmtk0QGs+6PFlf2S4nUBIwvkrAi3Kp6NvHOLYhVhPnaSolR/QvzLa,2588700,7.207544994524538,5.656588668161668,10.103137890395518
+/rQnJNCAofELmyBsvvGkyvx2Jp5ndIxGrotgJFzots9hkMUBL3C1oDPYsrrI6Uj,2588700,1.042357445284146,0.826934703356409,1.9326755990440765
+/Yy3DjKx86CbeN465zhsj0s/0z3q57TyJbIWz1kLbDKmLKjqg7G3ceotFZG3uyO,2588700,0.2546566334412209,0.2206999232801441,0.3353738212870754
+/0HALY9pQNcvgjdplrNrqayw4sCAL4yn2k6ln6nMsV+7gLwyRj8K5zLrk95JZgn,2588700,19.21162670922781,8.523045780313693,60.51992510491083
+/0SRtAF28BjF83a/LsJ5t9jNKdeYSvhBY5GZ2PNbKChzlzsWxqePjQR6o6KMqk3,2588700,14.997911790218044,6.085299413267745,63.80597276482724
++mWTX5JTBLFP+99jRSRAdaQvfONXaEVeL9phiSGhNPenHutanL6vBEknpm+r9kF,2588700,1.0380403707953283,0.8085358523918624,1.7002502033755147
+0MPMDlA4GhzXpLdpntIOG+yHg7qynyzKfS2Dra/BRe+4E6iSjDmtEC12z394wbZ,2588700,19.31399483106521,17.609601533477814,21.953253956573267
++K1JA9Y3njfZbU+YKjTKAq5pr5g29e7V5DQDAEeIHJmTormu8GHCArAI7WKSjAN,2588700,6.851651255998979,6.14643925163717,8.279537707332937
+/+K1IB+TK3fT/agLMFqkV2/oW0GkblLMGp6zsIUSmIY10Ylf4WxO/gn2IqjimkH,2588700,94.06575157914952,93.31015978725088,94.82579932646622
+0PVzV2DIsPfP0jd821rGDyvHMeLLX3pn2dNrEZKDZ4GFQDjPbRW1noGEHwILKp2,2588700,3.649410220587943,2.7755633037111904,5.463569162744108
+0SS2s1s0MLN3HhS3YSk8UzukY8f4LVwGRjxqe3sSzM6nIG3dCIy0Bk6VFX3pYjf,2588700,3.040870363634224,0.6648606489460956,21.297181180402745
+/ukM/mUlfiCHtfyu1q9CelblpLRazJjQgTyLGSFKCApJlrrtEJWDiS6Q/3RbzJ6,2588700,21.18309959658272,15.515275651194305,37.12977377793378
+0Jd+wdmj6dMot0AhPIWA+g1gOvE4IfCQ9YDlQ9zFal5GjTFUOidWBxMqsj91O7H,2588700,1.2985516019830623,0.8189829752689012,2.210474373828581
+0neyLjl/M7+LCIXzcbVgU1cI4ZoAOJSMoghcys5Lw41dl3GenPQo7RGb1ZqNUC4,2588700,5.026698984744785,1.5434968297578358,9.844428972182088
++FMR8J3q13OK/H1+i06f2dMu+HmeNpnPh8rUsLhm1RcCvvb0IyQw2Dd/unc+htF,2588700,0.5357082054834021,0.1486121146830022,3.4553341691237227
++ZSbZd5OJYsKufT38lazeV3bEVgYHMQuyGN3VawPvGypHCQ5Hnh4/09CYEnvzAJ,2588700,7.102357012723344,2.8587238728130107,17.891336854661297
+/PZ1tRDQ/bKUUuRG5DzeNpwaDH5eJVKwo+q2tz4QBrZaDSKUHzEA57FZvmVQ5NN,2588700,6.727009233825351,4.654313189806356,22.560787063194105
++i+VfaDe6HijyLIg3HMC5tLQAPzBfheoY0OvfvtwJuNiLUCG33OEPX0hkL6Lxdy,2588700,1.8138432242227884,0.9681027847974408,3.359268532706503
+0Ae1sc/7s2Z9Ud/MGDY3WF8frcWDKhSejOJV39SzlYhMUGCquYlrz4ILtTgRltY,2588700,1.7969215908413223,1.5546138221020522,2.071283181840764
+0KTCEXjQkx8/CbquVpWQa0163/6X4ZV/0yuh2KPFAoWcL2XKsDHLgSU5WpfTwkv,2588700,16.35017365996257,9.711643904123262,41.0560210490428
+0EZ1t8E1q2F38x5GoOiuaDhO9/V6q2Novw6tetJBu0jLcLkg/dD7fVEp3H6IlAG,2588700,10.793231714888028,1.225488889315896,58.52110068390983
+0Ii9rjmLzvRD5zGmj58f8sVGdDdOezWrvNh08QbJrXKiAvDkIhQSdFlrJsnugGo,2588700,17.55420380182834,10.371985582060423,62.69606185382316
+0FzqM9WD5+bcjGPCyluiW95Mef+pCXuQ3LN+qDXfXdzyWzEVj6fEqacZ8GzgjIB,2588700,12.318412233456865,10.328184350976649,15.56051703779907
+014+PWQOfo9mfPNAh4yXaAjejfRUx7Rlei/rAKCtaDKep+rsyUrDQqz5XtRDJ0T,2589000,3.5324388704458185,3.19023085456709,4.541531466586046
+0qjtAAokht4XhYVjr7HSlpGtATjeHRZpd8Xy2csGh/w5WHerXbjvQU4cMnU5SAv,2589000,1.3848037472935233,1.1563573519264434,1.8616133070177547
++hfw97Av2GRn4TKXSLPyrvMJUhVRfKqR1U9cGqYxYxP1G5Iz4AJIKvEIkvOIEQs,2589000,2.9588086465678094,1.228188524617983,11.021047604839318
++AaWa93hwQ6GCEvcPYAtjETFHt7jzXugxuz5P4E9LMVMvSklMvqxfNgSs6qCDMP,2589000,50.575192769439866,49.693420916575135,51.93521712676273
++uhk8fzLlz4iZT/e31fwvAOoy7PCkWwsGKrZqaMFOMlhOWmfuXGCcgh3XStk4qB,2589000,7.019065239225424,5.625391168475166,8.651336932856626
++YaURSMRfxpiejMJAAQnqedXv+SD6/pbpXHeEL7Up+BMoYpIguytZY221O9w2MU,2589000,4.596439904822856,2.875575505866065,7.465215001207219
+0V83GAT9/LBkYPOTgs5quW2HLuJ4cOtPAPRxGvBzspzWX4M98ge++teHmxXa9O6,2589000,3.3262666351066663,1.394054863453712,14.99076843045724
+01lehW/X+qO9w+O82I35ZZiTeTOO4KvnldoFr/9MnWswezhlJT9yMUsqzU+gpM3,2589000,17.19055228779853,1.5326415414092305,45.76855985275286
++t/jzDcPUBC41YWESI+Kzbs0jcBetS/7Go/OVmWQzqwMVF7gd8KCBxqGq3tbgBH,2589000,10.641252897864556,7.367038867874984,25.356175889121648
++hDqVELyX1258m1wToTpHdRS6Nk/3mNWAyErIiCbBBFRJd/JXYXi/TNw2mYImrv,2589000,3.1336704293047326,1.7213093054387152,11.644744462671524
+/wNG6dGKhTncqCVC2LWcBBqX5HprOc21L/R/WxyERmnvHB/AazZZMQXu0qd6wd3,2589000,5.1258183203522325,4.115058329969587,7.695129015607626
+/IBp5ZmpI52PY2knCTAV3ErhI9o1p9jsUmLtvoXCq1J8LT+JQbpwTyveZ+uekze,2589000,3.688207371981641,2.7592236125355445,4.843449504566758
++IOeOTxdVvZK/TL3+ywZwJFufqvwcEKJHGQOXkgyXLB0Or8CzGMozIQQ9z25Zmq,2589000,2.2648585435510875,2.0212766556812207,2.726166177227644
+/cMkNVRW6Tc7r1FZDeTFVkR2OYbXq14BnCyKllT4ww3+Jv4yNdTTmxkel5e80Z4,2589000,0.4874199656873433,0.3342333166396373,0.9000588987209795
+0Vl4Tkha3rkmtk0QGs+6PFlf2S4nUBIwvkrAi3Kp6NvHOLYhVhPnaSolR/QvzLa,2589000,23.592050288493148,6.3550355871111535,76.69700615133877
+/rQnJNCAofELmyBsvvGkyvx2Jp5ndIxGrotgJFzots9hkMUBL3C1oDPYsrrI6Uj,2589000,1.027062213625613,0.7436203320475488,2.0069326163053955
+/Yy3DjKx86CbeN465zhsj0s/0z3q57TyJbIWz1kLbDKmLKjqg7G3ceotFZG3uyO,2589000,0.2524725434508827,0.2130178484418973,0.3505005611586981
+/0HALY9pQNcvgjdplrNrqayw4sCAL4yn2k6ln6nMsV+7gLwyRj8K5zLrk95JZgn,2589000,10.686168422881105,7.7228872119490495,23.693737613250725
+/0SRtAF28BjF83a/LsJ5t9jNKdeYSvhBY5GZ2PNbKChzlzsWxqePjQR6o6KMqk3,2589000,7.40070133047855,6.632299860781685,8.61545819062801
++mWTX5JTBLFP+99jRSRAdaQvfONXaEVeL9phiSGhNPenHutanL6vBEknpm+r9kF,2589000,1.0026151892797113,0.8621329798340593,1.374093607181954
+0MPMDlA4GhzXpLdpntIOG+yHg7qynyzKfS2Dra/BRe+4E6iSjDmtEC12z394wbZ,2589000,19.717645785407665,17.92190826989617,22.141071090633883
++K1JA9Y3njfZbU+YKjTKAq5pr5g29e7V5DQDAEeIHJmTormu8GHCArAI7WKSjAN,2589000,6.813288354445816,5.952720275986718,8.06364324822126
+/+K1IB+TK3fT/agLMFqkV2/oW0GkblLMGp6zsIUSmIY10Ylf4WxO/gn2IqjimkH,2589000,94.14963259999593,92.9318291748063,95.27817736843431
+0PVzV2DIsPfP0jd821rGDyvHMeLLX3pn2dNrEZKDZ4GFQDjPbRW1noGEHwILKp2,2589000,4.833949347501461,2.638428153280357,7.560908253659592
+0SS2s1s0MLN3HhS3YSk8UzukY8f4LVwGRjxqe3sSzM6nIG3dCIy0Bk6VFX3pYjf,2589000,3.0132626456426728,0.7045806256192954,21.312321185904416
+/ukM/mUlfiCHtfyu1q9CelblpLRazJjQgTyLGSFKCApJlrrtEJWDiS6Q/3RbzJ6,2589000,20.748760298565163,17.20506540427262,38.3893577654554
+0Jd+wdmj6dMot0AhPIWA+g1gOvE4IfCQ9YDlQ9zFal5GjTFUOidWBxMqsj91O7H,2589000,1.958201860758728,0.864315640626739,7.296605465262946
+0neyLjl/M7+LCIXzcbVgU1cI4ZoAOJSMoghcys5Lw41dl3GenPQo7RGb1ZqNUC4,2589000,3.216959822038388,1.2537774952262024,6.240691499075806
++FMR8J3q13OK/H1+i06f2dMu+HmeNpnPh8rUsLhm1RcCvvb0IyQw2Dd/unc+htF,2589000,0.3184028410727975,0.1631739728043378,1.0526430982248025
++ZSbZd5OJYsKufT38lazeV3bEVgYHMQuyGN3VawPvGypHCQ5Hnh4/09CYEnvzAJ,2589000,5.265783838149784,2.7388927690820823,9.565655490248064
+/PZ1tRDQ/bKUUuRG5DzeNpwaDH5eJVKwo+q2tz4QBrZaDSKUHzEA57FZvmVQ5NN,2589000,9.9812841797377,4.861405437444999,39.85725513645978
++i+VfaDe6HijyLIg3HMC5tLQAPzBfheoY0OvfvtwJuNiLUCG33OEPX0hkL6Lxdy,2589000,1.9148665554830244,0.98707226264682,3.711375892041956
+0Ae1sc/7s2Z9Ud/MGDY3WF8frcWDKhSejOJV39SzlYhMUGCquYlrz4ILtTgRltY,2589000,2.7067621955205734,1.6672355392480416,6.856239133408828
+0KTCEXjQkx8/CbquVpWQa0163/6X4ZV/0yuh2KPFAoWcL2XKsDHLgSU5WpfTwkv,2589000,13.011860829680776,9.662572210658666,28.555016654950823
+0EZ1t8E1q2F38x5GoOiuaDhO9/V6q2Novw6tetJBu0jLcLkg/dD7fVEp3H6IlAG,2589000,2.8543424469389733,1.3867067568539455,5.746681580993233
+0Ii9rjmLzvRD5zGmj58f8sVGdDdOezWrvNh08QbJrXKiAvDkIhQSdFlrJsnugGo,2589000,14.35939342502795,10.292690046272352,22.90525124235188
+0FzqM9WD5+bcjGPCyluiW95Mef+pCXuQ3LN+qDXfXdzyWzEVj6fEqacZ8GzgjIB,2589000,12.409570406084253,10.321459209888094,14.407720944659594
+014+PWQOfo9mfPNAh4yXaAjejfRUx7Rlei/rAKCtaDKep+rsyUrDQqz5XtRDJ0T,2589300,3.5954546994919268,3.272232007090467,4.489416079548925
+0qjtAAokht4XhYVjr7HSlpGtATjeHRZpd8Xy2csGh/w5WHerXbjvQU4cMnU5SAv,2589300,1.3834977821757577,1.1125138699035575,2.4164675610831368
++hfw97Av2GRn4TKXSLPyrvMJUhVRfKqR1U9cGqYxYxP1G5Iz4AJIKvEIkvOIEQs,2589300,2.000661296200785,1.125296958849238,10.706315505539829
++AaWa93hwQ6GCEvcPYAtjETFHt7jzXugxuz5P4E9LMVMvSklMvqxfNgSs6qCDMP,2589300,50.998206746536326,50.105082316818645,53.17321507582568
++uhk8fzLlz4iZT/e31fwvAOoy7PCkWwsGKrZqaMFOMlhOWmfuXGCcgh3XStk4qB,2589300,6.56972752226106,5.216798276804703,8.191215615770467
++YaURSMRfxpiejMJAAQnqedXv+SD6/pbpXHeEL7Up+BMoYpIguytZY221O9w2MU,2589300,3.3737881273292816,2.4775084870851094,5.925346270247007
+0V83GAT9/LBkYPOTgs5quW2HLuJ4cOtPAPRxGvBzspzWX4M98ge++teHmxXa9O6,2589300,1.5566024987225535,1.3208582780594975,2.172852777067865
+01lehW/X+qO9w+O82I35ZZiTeTOO4KvnldoFr/9MnWswezhlJT9yMUsqzU+gpM3,2589300,7.371788350188024,1.732492149767136,24.6321418325378
++t/jzDcPUBC41YWESI+Kzbs0jcBetS/7Go/OVmWQzqwMVF7gd8KCBxqGq3tbgBH,2589300,12.810555303682785,8.140266081794161,36.95009114949164
++hDqVELyX1258m1wToTpHdRS6Nk/3mNWAyErIiCbBBFRJd/JXYXi/TNw2mYImrv,2589300,6.4241084671976845,1.7784297575843786,58.518193649525216
+/wNG6dGKhTncqCVC2LWcBBqX5HprOc21L/R/WxyERmnvHB/AazZZMQXu0qd6wd3,2589300,4.792443710139923,3.959572877331246,5.222372721225604
+/IBp5ZmpI52PY2knCTAV3ErhI9o1p9jsUmLtvoXCq1J8LT+JQbpwTyveZ+uekze,2589300,3.520749601323532,2.242190047593645,5.096807183526895
++IOeOTxdVvZK/TL3+ywZwJFufqvwcEKJHGQOXkgyXLB0Or8CzGMozIQQ9z25Zmq,2589300,2.2678203298719515,1.9480151923468108,3.2668911505455456
+/cMkNVRW6Tc7r1FZDeTFVkR2OYbXq14BnCyKllT4ww3+Jv4yNdTTmxkel5e80Z4,2589300,0.4672798856607884,0.2724326701612595,0.6717796488090465
+0Vl4Tkha3rkmtk0QGs+6PFlf2S4nUBIwvkrAi3Kp6NvHOLYhVhPnaSolR/QvzLa,2589300,7.486710514279919,5.436051086873755,11.550222821535009
+/rQnJNCAofELmyBsvvGkyvx2Jp5ndIxGrotgJFzots9hkMUBL3C1oDPYsrrI6Uj,2589300,1.0603262539874314,0.8107892794931569,1.9613953835595728
+/Yy3DjKx86CbeN465zhsj0s/0z3q57TyJbIWz1kLbDKmLKjqg7G3ceotFZG3uyO,2589300,0.2602027020616947,0.2085638241383758,0.3611683853206664
+/0HALY9pQNcvgjdplrNrqayw4sCAL4yn2k6ln6nMsV+7gLwyRj8K5zLrk95JZgn,2589300,14.975593128538645,7.301296067058413,62.308347058081296
+/0SRtAF28BjF83a/LsJ5t9jNKdeYSvhBY5GZ2PNbKChzlzsWxqePjQR6o6KMqk3,2589300,9.116380365219085,6.231198077072238,25.69728354597933
++mWTX5JTBLFP+99jRSRAdaQvfONXaEVeL9phiSGhNPenHutanL6vBEknpm+r9kF,2589300,2.8824227427204785,0.7985193407015853,8.489116988197198
+0MPMDlA4GhzXpLdpntIOG+yHg7qynyzKfS2Dra/BRe+4E6iSjDmtEC12z394wbZ,2589300,19.28242445144811,17.74024482477093,22.565363181759203
++K1JA9Y3njfZbU+YKjTKAq5pr5g29e7V5DQDAEeIHJmTormu8GHCArAI7WKSjAN,2589300,6.9879042900307775,6.151769861449176,8.235203322167619
+/+K1IB+TK3fT/agLMFqkV2/oW0GkblLMGp6zsIUSmIY10Ylf4WxO/gn2IqjimkH,2589300,94.23876653602056,92.1635829458326,95.53916542103784
+0PVzV2DIsPfP0jd821rGDyvHMeLLX3pn2dNrEZKDZ4GFQDjPbRW1noGEHwILKp2,2589300,3.767682728913216,2.054629186211667,6.593375404331573
+0SS2s1s0MLN3HhS3YSk8UzukY8f4LVwGRjxqe3sSzM6nIG3dCIy0Bk6VFX3pYjf,2589300,2.9915847170135774,0.6588562852332137,13.096940795715966
+/ukM/mUlfiCHtfyu1q9CelblpLRazJjQgTyLGSFKCApJlrrtEJWDiS6Q/3RbzJ6,2589300,25.60765186377889,16.24756895444173,50.350604383689685
+0Jd+wdmj6dMot0AhPIWA+g1gOvE4IfCQ9YDlQ9zFal5GjTFUOidWBxMqsj91O7H,2589300,1.4140091070261007,0.9503551859798914,3.124608900970285
+0neyLjl/M7+LCIXzcbVgU1cI4ZoAOJSMoghcys5Lw41dl3GenPQo7RGb1ZqNUC4,2589300,4.121477138119981,0.7662223961093543,9.20514658150851
++FMR8J3q13OK/H1+i06f2dMu+HmeNpnPh8rUsLhm1RcCvvb0IyQw2Dd/unc+htF,2589300,0.2364187749665751,0.1520262334395073,0.4775895711346793
++ZSbZd5OJYsKufT38lazeV3bEVgYHMQuyGN3VawPvGypHCQ5Hnh4/09CYEnvzAJ,2589300,4.971485604404162,3.10605338580282,8.704418611694773
+/PZ1tRDQ/bKUUuRG5DzeNpwaDH5eJVKwo+q2tz4QBrZaDSKUHzEA57FZvmVQ5NN,2589300,5.376224730300993,4.575974866017454,6.860751388165128
++i+VfaDe6HijyLIg3HMC5tLQAPzBfheoY0OvfvtwJuNiLUCG33OEPX0hkL6Lxdy,2589300,1.7703059918706687,0.952591358418334,3.582558301525251
+0Ae1sc/7s2Z9Ud/MGDY3WF8frcWDKhSejOJV39SzlYhMUGCquYlrz4ILtTgRltY,2589300,1.8520986435939888,1.5898477429896385,2.085765499133711
+0KTCEXjQkx8/CbquVpWQa0163/6X4ZV/0yuh2KPFAoWcL2XKsDHLgSU5WpfTwkv,2589300,10.982661428949491,9.69300387273988,13.366897140999416
+0EZ1t8E1q2F38x5GoOiuaDhO9/V6q2Novw6tetJBu0jLcLkg/dD7fVEp3H6IlAG,2589300,3.1401004881750567,1.204323528171788,7.180034248713368
+0Ii9rjmLzvRD5zGmj58f8sVGdDdOezWrvNh08QbJrXKiAvDkIhQSdFlrJsnugGo,2589300,12.59739484751304,10.775291170051712,15.116904449504272
+0FzqM9WD5+bcjGPCyluiW95Mef+pCXuQ3LN+qDXfXdzyWzEVj6fEqacZ8GzgjIB,2589300,12.400746350402098,10.506528664160298,15.799144206367991
+014+PWQOfo9mfPNAh4yXaAjejfRUx7Rlei/rAKCtaDKep+rsyUrDQqz5XtRDJ0T,2589600,3.5602069799171714,3.081813753604828,4.368088373195085
+0qjtAAokht4XhYVjr7HSlpGtATjeHRZpd8Xy2csGh/w5WHerXbjvQU4cMnU5SAv,2589600,1.452997693029754,1.1141525456936765,2.1725102919180053
++hfw97Av2GRn4TKXSLPyrvMJUhVRfKqR1U9cGqYxYxP1G5Iz4AJIKvEIkvOIEQs,2589600,1.731369562892188,1.1214024619276803,4.564626712737796
++AaWa93hwQ6GCEvcPYAtjETFHt7jzXugxuz5P4E9LMVMvSklMvqxfNgSs6qCDMP,2589600,50.28214537876266,48.252588056049056,51.07766434107116
++uhk8fzLlz4iZT/e31fwvAOoy7PCkWwsGKrZqaMFOMlhOWmfuXGCcgh3XStk4qB,2589600,6.724203124083374,5.75887038104335,8.362830480697665
++YaURSMRfxpiejMJAAQnqedXv+SD6/pbpXHeEL7Up+BMoYpIguytZY221O9w2MU,2589600,2.976958928203432,2.6164673506603155,3.5026551200176232
+0V83GAT9/LBkYPOTgs5quW2HLuJ4cOtPAPRxGvBzspzWX4M98ge++teHmxXa9O6,2589600,3.710644780041628,1.3393867638290953,11.770820148117604
+01lehW/X+qO9w+O82I35ZZiTeTOO4KvnldoFr/9MnWswezhlJT9yMUsqzU+gpM3,2589600,8.73155251185074,2.6256084578422723,25.028206914509585
++t/jzDcPUBC41YWESI+Kzbs0jcBetS/7Go/OVmWQzqwMVF7gd8KCBxqGq3tbgBH,2589600,17.03285511851791,8.333595257317706,42.80684604057132
++hDqVELyX1258m1wToTpHdRS6Nk/3mNWAyErIiCbBBFRJd/JXYXi/TNw2mYImrv,2589600,2.3884362845869505,1.5091109053832,5.316326758165474
+/wNG6dGKhTncqCVC2LWcBBqX5HprOc21L/R/WxyERmnvHB/AazZZMQXu0qd6wd3,2589600,4.88111273497671,4.076799057935651,7.5980792501069025
+/IBp5ZmpI52PY2knCTAV3ErhI9o1p9jsUmLtvoXCq1J8LT+JQbpwTyveZ+uekze,2589600,3.424879326522344,2.390623720092896,4.614426304380987
++IOeOTxdVvZK/TL3+ywZwJFufqvwcEKJHGQOXkgyXLB0Or8CzGMozIQQ9z25Zmq,2589600,2.296938963367623,1.9006956413240583,3.362937117714563
+/cMkNVRW6Tc7r1FZDeTFVkR2OYbXq14BnCyKllT4ww3+Jv4yNdTTmxkel5e80Z4,2589600,0.501809240561553,0.3050468616646369,0.8390277501924469
+0Vl4Tkha3rkmtk0QGs+6PFlf2S4nUBIwvkrAi3Kp6NvHOLYhVhPnaSolR/QvzLa,2589600,10.94724316251232,5.4345788759678975,33.565176695602794
+/rQnJNCAofELmyBsvvGkyvx2Jp5ndIxGrotgJFzots9hkMUBL3C1oDPYsrrI6Uj,2589600,1.0589001858302574,0.8058209786078607,1.9948575513173483
+/Yy3DjKx86CbeN465zhsj0s/0z3q57TyJbIWz1kLbDKmLKjqg7G3ceotFZG3uyO,2589600,0.6666375161240482,0.197786038280031,2.895003560490679
+/0HALY9pQNcvgjdplrNrqayw4sCAL4yn2k6ln6nMsV+7gLwyRj8K5zLrk95JZgn,2589600,12.504730439783376,7.61516565593359,32.46493006680184
+/0SRtAF28BjF83a/LsJ5t9jNKdeYSvhBY5GZ2PNbKChzlzsWxqePjQR6o6KMqk3,2589600,10.015703149267898,6.21396475783681,35.361925722581454
++mWTX5JTBLFP+99jRSRAdaQvfONXaEVeL9phiSGhNPenHutanL6vBEknpm+r9kF,2589600,0.9501360096475174,0.7777630101840228,1.2134850771014685
+0MPMDlA4GhzXpLdpntIOG+yHg7qynyzKfS2Dra/BRe+4E6iSjDmtEC12z394wbZ,2589600,18.92095191594293,17.2405044687749,21.48424781691864
++K1JA9Y3njfZbU+YKjTKAq5pr5g29e7V5DQDAEeIHJmTormu8GHCArAI7WKSjAN,2589600,7.067811972108124,5.636654664705158,9.248287439634929
+/+K1IB+TK3fT/agLMFqkV2/oW0GkblLMGp6zsIUSmIY10Ylf4WxO/gn2IqjimkH,2589600,94.03554608056474,93.01290602165844,95.1291833482914
+0PVzV2DIsPfP0jd821rGDyvHMeLLX3pn2dNrEZKDZ4GFQDjPbRW1noGEHwILKp2,2589600,3.884694382026875,2.5733261500435627,5.072728099112507
+0SS2s1s0MLN3HhS3YSk8UzukY8f4LVwGRjxqe3sSzM6nIG3dCIy0Bk6VFX3pYjf,2589600,3.3072971280748176,0.684254444538595,22.216210045586003
+/ukM/mUlfiCHtfyu1q9CelblpLRazJjQgTyLGSFKCApJlrrtEJWDiS6Q/3RbzJ6,2589600,22.301941525810488,17.145517591823953,37.71975306819993
+0Jd+wdmj6dMot0AhPIWA+g1gOvE4IfCQ9YDlQ9zFal5GjTFUOidWBxMqsj91O7H,2589600,1.4151965240868238,0.9728105830515794,3.1516261550813818
+0neyLjl/M7+LCIXzcbVgU1cI4ZoAOJSMoghcys5Lw41dl3GenPQo7RGb1ZqNUC4,2589600,4.5744214476706215,0.9461153236827916,9.540126464057408
++FMR8J3q13OK/H1+i06f2dMu+HmeNpnPh8rUsLhm1RcCvvb0IyQw2Dd/unc+htF,2589600,0.2335957088026894,0.1446065889314308,0.3808205029714328
++ZSbZd5OJYsKufT38lazeV3bEVgYHMQuyGN3VawPvGypHCQ5Hnh4/09CYEnvzAJ,2589600,4.314686770722517,2.5464086571687634,7.238634705360619
+/PZ1tRDQ/bKUUuRG5DzeNpwaDH5eJVKwo+q2tz4QBrZaDSKUHzEA57FZvmVQ5NN,2589600,6.651692860329777,4.219860699428962,16.42751095115461
++i+VfaDe6HijyLIg3HMC5tLQAPzBfheoY0OvfvtwJuNiLUCG33OEPX0hkL6Lxdy,2589600,1.8800600078234533,0.9255468412724251,3.966384313997408
+0Ae1sc/7s2Z9Ud/MGDY3WF8frcWDKhSejOJV39SzlYhMUGCquYlrz4ILtTgRltY,2589600,2.0093066511276487,1.7472531023270017,2.938640987342456
+0KTCEXjQkx8/CbquVpWQa0163/6X4ZV/0yuh2KPFAoWcL2XKsDHLgSU5WpfTwkv,2589600,15.630120037133665,9.356292018078944,39.062759138882186
+0EZ1t8E1q2F38x5GoOiuaDhO9/V6q2Novw6tetJBu0jLcLkg/dD7fVEp3H6IlAG,2589600,1.6458331478788306,1.1954641791146927,2.8767513390711548
+0Ii9rjmLzvRD5zGmj58f8sVGdDdOezWrvNh08QbJrXKiAvDkIhQSdFlrJsnugGo,2589600,16.419401766979075,10.04875598495726,33.9483188520713
+0FzqM9WD5+bcjGPCyluiW95Mef+pCXuQ3LN+qDXfXdzyWzEVj6fEqacZ8GzgjIB,2589600,12.349522290055074,10.590367297152744,14.068744234796172
+014+PWQOfo9mfPNAh4yXaAjejfRUx7Rlei/rAKCtaDKep+rsyUrDQqz5XtRDJ0T,2589900,3.506208892352562,3.1407074047244583,4.578729219304843
+0qjtAAokht4XhYVjr7HSlpGtATjeHRZpd8Xy2csGh/w5WHerXbjvQU4cMnU5SAv,2589900,1.3419495748776584,1.1043398018830946,1.786863910865097
++hfw97Av2GRn4TKXSLPyrvMJUhVRfKqR1U9cGqYxYxP1G5Iz4AJIKvEIkvOIEQs,2589900,3.3391901170580787,1.10244024951018,26.77827408320716
++AaWa93hwQ6GCEvcPYAtjETFHt7jzXugxuz5P4E9LMVMvSklMvqxfNgSs6qCDMP,2589900,50.89400458630501,48.43619825797448,52.41113974221805
++uhk8fzLlz4iZT/e31fwvAOoy7PCkWwsGKrZqaMFOMlhOWmfuXGCcgh3XStk4qB,2589900,6.6493467858162925,5.910905344784343,8.349630484486756
++YaURSMRfxpiejMJAAQnqedXv+SD6/pbpXHeEL7Up+BMoYpIguytZY221O9w2MU,2589900,3.7602064798683967,2.730643966871038,9.39735368867368
+0V83GAT9/LBkYPOTgs5quW2HLuJ4cOtPAPRxGvBzspzWX4M98ge++teHmxXa9O6,2589900,2.5125163088702145,1.2753750320916415,11.926917317426708
+01lehW/X+qO9w+O82I35ZZiTeTOO4KvnldoFr/9MnWswezhlJT9yMUsqzU+gpM3,2589900,5.1466243008150165,2.359281908984711,9.172871292541313
++t/jzDcPUBC41YWESI+Kzbs0jcBetS/7Go/OVmWQzqwMVF7gd8KCBxqGq3tbgBH,2589900,8.712891188096007,7.118404607763123,11.768022163440104
++hDqVELyX1258m1wToTpHdRS6Nk/3mNWAyErIiCbBBFRJd/JXYXi/TNw2mYImrv,2589900,3.804824284978792,1.8228041722810653,28.21506590850809
+/wNG6dGKhTncqCVC2LWcBBqX5HprOc21L/R/WxyERmnvHB/AazZZMQXu0qd6wd3,2589900,5.090757820470905,3.60355162400484,6.65655275752521
+/IBp5ZmpI52PY2knCTAV3ErhI9o1p9jsUmLtvoXCq1J8LT+JQbpwTyveZ+uekze,2589900,4.114641982370138,2.464765143153684,6.897178695000933
++IOeOTxdVvZK/TL3+ywZwJFufqvwcEKJHGQOXkgyXLB0Or8CzGMozIQQ9z25Zmq,2589900,2.2445074024200347,1.895560139556846,2.564864951201011
+/cMkNVRW6Tc7r1FZDeTFVkR2OYbXq14BnCyKllT4ww3+Jv4yNdTTmxkel5e80Z4,2589900,0.6183490996081717,0.2925630072520297,2.5221104711190963
+0Vl4Tkha3rkmtk0QGs+6PFlf2S4nUBIwvkrAi3Kp6NvHOLYhVhPnaSolR/QvzLa,2589900,7.003829415423626,5.59776785237331,10.874974496424636
+/rQnJNCAofELmyBsvvGkyvx2Jp5ndIxGrotgJFzots9hkMUBL3C1oDPYsrrI6Uj,2589900,1.0354505708604833,0.8035198127137589,1.6522208716879907
+/Yy3DjKx86CbeN465zhsj0s/0z3q57TyJbIWz1kLbDKmLKjqg7G3ceotFZG3uyO,2589900,0.2583864501925292,0.2032190142190725,0.3540571532837943
+/0HALY9pQNcvgjdplrNrqayw4sCAL4yn2k6ln6nMsV+7gLwyRj8K5zLrk95JZgn,2589900,20.867769500846435,7.437599226974873,82.513622089714
+/0SRtAF28BjF83a/LsJ5t9jNKdeYSvhBY5GZ2PNbKChzlzsWxqePjQR6o6KMqk3,2589900,15.250917207196174,6.206791341085227,66.19224678162682
++mWTX5JTBLFP+99jRSRAdaQvfONXaEVeL9phiSGhNPenHutanL6vBEknpm+r9kF,2589900,1.002478723811547,0.8077721268156478,2.0455332819813004
+0MPMDlA4GhzXpLdpntIOG+yHg7qynyzKfS2Dra/BRe+4E6iSjDmtEC12z394wbZ,2589900,19.293445750538385,17.774860036598216,21.28637939211593
++K1JA9Y3njfZbU+YKjTKAq5pr5g29e7V5DQDAEeIHJmTormu8GHCArAI7WKSjAN,2589900,7.6304848618422065,6.046769023946167,10.712971918374944
+/+K1IB+TK3fT/agLMFqkV2/oW0GkblLMGp6zsIUSmIY10Ylf4WxO/gn2IqjimkH,2589900,93.75437953477112,92.46165864341992,94.88763590717704
+0PVzV2DIsPfP0jd821rGDyvHMeLLX3pn2dNrEZKDZ4GFQDjPbRW1noGEHwILKp2,2589900,8.534900491766049,2.8777545794871764,42.30367254572959
+0SS2s1s0MLN3HhS3YSk8UzukY8f4LVwGRjxqe3sSzM6nIG3dCIy0Bk6VFX3pYjf,2589900,2.9987845480674427,0.7484391703217788,19.40667439934516
+/ukM/mUlfiCHtfyu1q9CelblpLRazJjQgTyLGSFKCApJlrrtEJWDiS6Q/3RbzJ6,2589900,26.820066043392963,18.44828075581092,35.06351064976413
+0Jd+wdmj6dMot0AhPIWA+g1gOvE4IfCQ9YDlQ9zFal5GjTFUOidWBxMqsj91O7H,2589900,1.4171041383212408,0.9674206775738738,3.212869437327532
+0neyLjl/M7+LCIXzcbVgU1cI4ZoAOJSMoghcys5Lw41dl3GenPQo7RGb1ZqNUC4,2589900,2.9408441672328034,0.949579435310442,5.391279564675398
++FMR8J3q13OK/H1+i06f2dMu+HmeNpnPh8rUsLhm1RcCvvb0IyQw2Dd/unc+htF,2589900,0.3732829496117066,0.1332070451419442,1.4902646627816734
++ZSbZd5OJYsKufT38lazeV3bEVgYHMQuyGN3VawPvGypHCQ5Hnh4/09CYEnvzAJ,2589900,4.434789024409193,2.935214104565281,6.402879188176655
+/PZ1tRDQ/bKUUuRG5DzeNpwaDH5eJVKwo+q2tz4QBrZaDSKUHzEA57FZvmVQ5NN,2589900,6.688792124263511,4.681133709380409,13.966418713779778
++i+VfaDe6HijyLIg3HMC5tLQAPzBfheoY0OvfvtwJuNiLUCG33OEPX0hkL6Lxdy,2589900,1.5747055135218508,0.7402607341513848,3.5932148672145496
+0Ae1sc/7s2Z9Ud/MGDY3WF8frcWDKhSejOJV39SzlYhMUGCquYlrz4ILtTgRltY,2589900,1.862825868783921,1.6045513011785473,2.193684860318552
+0KTCEXjQkx8/CbquVpWQa0163/6X4ZV/0yuh2KPFAoWcL2XKsDHLgSU5WpfTwkv,2589900,16.643483870820756,9.7822983316712,49.18679932154263
+0EZ1t8E1q2F38x5GoOiuaDhO9/V6q2Novw6tetJBu0jLcLkg/dD7fVEp3H6IlAG,2589900,1.460505878230853,1.2518589500216069,1.8074534984845847
+0Ii9rjmLzvRD5zGmj58f8sVGdDdOezWrvNh08QbJrXKiAvDkIhQSdFlrJsnugGo,2589900,17.77673513950495,10.286389096308667,64.95296485398312
+0FzqM9WD5+bcjGPCyluiW95Mef+pCXuQ3LN+qDXfXdzyWzEVj6fEqacZ8GzgjIB,2589900,12.469468074267931,10.644377530313918,15.509759071566526
+014+PWQOfo9mfPNAh4yXaAjejfRUx7Rlei/rAKCtaDKep+rsyUrDQqz5XtRDJ0T,2590200,3.5138247327389154,3.1451263346679457,4.635487593258285
+0qjtAAokht4XhYVjr7HSlpGtATjeHRZpd8Xy2csGh/w5WHerXbjvQU4cMnU5SAv,2590200,1.3810822401956813,1.1220545045793906,2.2033782347204416
++hfw97Av2GRn4TKXSLPyrvMJUhVRfKqR1U9cGqYxYxP1G5Iz4AJIKvEIkvOIEQs,2590200,2.8027578377959617,1.1020035733154097,12.167353725354726
++AaWa93hwQ6GCEvcPYAtjETFHt7jzXugxuz5P4E9LMVMvSklMvqxfNgSs6qCDMP,2590200,50.593604421902114,49.58499594824943,51.43425230519232
++uhk8fzLlz4iZT/e31fwvAOoy7PCkWwsGKrZqaMFOMlhOWmfuXGCcgh3XStk4qB,2590200,7.615099229928496,5.626986785158631,10.333095104659828
++YaURSMRfxpiejMJAAQnqedXv+SD6/pbpXHeEL7Up+BMoYpIguytZY221O9w2MU,2590200,2.9989591905348325,2.627997745560604,3.6546320402727015
+0V83GAT9/LBkYPOTgs5quW2HLuJ4cOtPAPRxGvBzspzWX4M98ge++teHmxXa9O6,2590200,2.3449566767085868,1.2861043327105903,10.581054022608424
++t/jzDcPUBC41YWESI+Kzbs0jcBetS/7Go/OVmWQzqwMVF7gd8KCBxqGq3tbgBH,2590200,9.836163527396328,7.554873339327587,23.81956162074887
+01lehW/X+qO9w+O82I35ZZiTeTOO4KvnldoFr/9MnWswezhlJT9yMUsqzU+gpM3,2590200,4.923765593877436,2.3222140270285343,9.579550871798808
++hDqVELyX1258m1wToTpHdRS6Nk/3mNWAyErIiCbBBFRJd/JXYXi/TNw2mYImrv,2590200,3.111379754164491,1.7080461558039457,11.348231431473922
+/wNG6dGKhTncqCVC2LWcBBqX5HprOc21L/R/WxyERmnvHB/AazZZMQXu0qd6wd3,2590200,5.041406772016661,4.137596166774402,7.639084811838423
+/IBp5ZmpI52PY2knCTAV3ErhI9o1p9jsUmLtvoXCq1J8LT+JQbpwTyveZ+uekze,2590200,4.131598767239006,2.4590673453883327,7.06085840158461
++IOeOTxdVvZK/TL3+ywZwJFufqvwcEKJHGQOXkgyXLB0Or8CzGMozIQQ9z25Zmq,2590200,2.203165103042217,1.913520711162783,2.7065699493414943
+/cMkNVRW6Tc7r1FZDeTFVkR2OYbXq14BnCyKllT4ww3+Jv4yNdTTmxkel5e80Z4,2590200,0.4856000978278151,0.310840304592502,1.3933125858360884
+0Vl4Tkha3rkmtk0QGs+6PFlf2S4nUBIwvkrAi3Kp6NvHOLYhVhPnaSolR/QvzLa,2590200,22.616084837904367,6.832236912304807,60.95664862293298
+/rQnJNCAofELmyBsvvGkyvx2Jp5ndIxGrotgJFzots9hkMUBL3C1oDPYsrrI6Uj,2590200,1.0596364795267397,0.8399644925777267,1.8101020093851752
+/Yy3DjKx86CbeN465zhsj0s/0z3q57TyJbIWz1kLbDKmLKjqg7G3ceotFZG3uyO,2590200,0.2524230153201266,0.2048256945233672,0.3609791165301459
+/0HALY9pQNcvgjdplrNrqayw4sCAL4yn2k6ln6nMsV+7gLwyRj8K5zLrk95JZgn,2590200,10.027224653785764,7.696305015670724,22.91742739646076
+/0SRtAF28BjF83a/LsJ5t9jNKdeYSvhBY5GZ2PNbKChzlzsWxqePjQR6o6KMqk3,2590200,7.1604116909607765,6.415850308386064,8.031902290036316
++mWTX5JTBLFP+99jRSRAdaQvfONXaEVeL9phiSGhNPenHutanL6vBEknpm+r9kF,2590200,0.9318810118813128,0.8211281844299811,1.0630329392121254
+0MPMDlA4GhzXpLdpntIOG+yHg7qynyzKfS2Dra/BRe+4E6iSjDmtEC12z394wbZ,2590200,19.0923830617432,16.9303790638504,21.576833181049608
++K1JA9Y3njfZbU+YKjTKAq5pr5g29e7V5DQDAEeIHJmTormu8GHCArAI7WKSjAN,2590200,6.4809402887789656,5.334733546432954,8.184387523079833
+/+K1IB+TK3fT/agLMFqkV2/oW0GkblLMGp6zsIUSmIY10Ylf4WxO/gn2IqjimkH,2590200,93.89955744399616,92.13651627769065,94.84177505652184
+0PVzV2DIsPfP0jd821rGDyvHMeLLX3pn2dNrEZKDZ4GFQDjPbRW1noGEHwILKp2,2590200,3.8913992907779376,2.69059307971671,5.736505126831437
+/ukM/mUlfiCHtfyu1q9CelblpLRazJjQgTyLGSFKCApJlrrtEJWDiS6Q/3RbzJ6,2590200,25.82723393193088,19.036762409694745,45.28084041054348
+0SS2s1s0MLN3HhS3YSk8UzukY8f4LVwGRjxqe3sSzM6nIG3dCIy0Bk6VFX3pYjf,2590200,2.992521404518738,0.6938238982853516,25.38575523619969
+0Jd+wdmj6dMot0AhPIWA+g1gOvE4IfCQ9YDlQ9zFal5GjTFUOidWBxMqsj91O7H,2590200,1.3916260664122364,0.96249982940172,3.1244890976466047
+0neyLjl/M7+LCIXzcbVgU1cI4ZoAOJSMoghcys5Lw41dl3GenPQo7RGb1ZqNUC4,2590200,4.053345473771693,1.3784559239971548,7.437519338474944
++FMR8J3q13OK/H1+i06f2dMu+HmeNpnPh8rUsLhm1RcCvvb0IyQw2Dd/unc+htF,2590200,0.2426779968841266,0.1363369325027517,0.4639100723583776
++ZSbZd5OJYsKufT38lazeV3bEVgYHMQuyGN3VawPvGypHCQ5Hnh4/09CYEnvzAJ,2590200,7.05013161701044,2.5001631892843568,22.6362060777588
+/PZ1tRDQ/bKUUuRG5DzeNpwaDH5eJVKwo+q2tz4QBrZaDSKUHzEA57FZvmVQ5NN,2590200,9.16518009018858,4.554699990979502,39.09684442883249
++i+VfaDe6HijyLIg3HMC5tLQAPzBfheoY0OvfvtwJuNiLUCG33OEPX0hkL6Lxdy,2590200,1.5672743269820495,0.7520485336872653,3.1731644156939685
+0Ae1sc/7s2Z9Ud/MGDY3WF8frcWDKhSejOJV39SzlYhMUGCquYlrz4ILtTgRltY,2590200,1.9149923534904048,1.6156283663985145,2.9649473134068383
+0KTCEXjQkx8/CbquVpWQa0163/6X4ZV/0yuh2KPFAoWcL2XKsDHLgSU5WpfTwkv,2590200,13.01645417378154,9.40841204489707,29.656514091727143
+0EZ1t8E1q2F38x5GoOiuaDhO9/V6q2Novw6tetJBu0jLcLkg/dD7fVEp3H6IlAG,2590200,28.62387356900817,1.2921334869800074,61.02075989743765
+0Ii9rjmLzvRD5zGmj58f8sVGdDdOezWrvNh08QbJrXKiAvDkIhQSdFlrJsnugGo,2590200,13.793640145845728,10.105416931836324,28.75478550740531
+0FzqM9WD5+bcjGPCyluiW95Mef+pCXuQ3LN+qDXfXdzyWzEVj6fEqacZ8GzgjIB,2590200,12.370382612125008,10.592342936018705,14.357162678336572
+014+PWQOfo9mfPNAh4yXaAjejfRUx7Rlei/rAKCtaDKep+rsyUrDQqz5XtRDJ0T,2590500,3.524278430013999,3.1493507705384034,4.6099610810818366
+0qjtAAokht4XhYVjr7HSlpGtATjeHRZpd8Xy2csGh/w5WHerXbjvQU4cMnU5SAv,2590500,1.7854031992284607,1.0013451630690575,5.420396749259016
++hfw97Av2GRn4TKXSLPyrvMJUhVRfKqR1U9cGqYxYxP1G5Iz4AJIKvEIkvOIEQs,2590500,2.6269278495658828,1.0336928142593214,21.548484855708963
++AaWa93hwQ6GCEvcPYAtjETFHt7jzXugxuz5P4E9LMVMvSklMvqxfNgSs6qCDMP,2590500,50.95236410251853,49.94664059998984,53.06769166660651
++uhk8fzLlz4iZT/e31fwvAOoy7PCkWwsGKrZqaMFOMlhOWmfuXGCcgh3XStk4qB,2590500,8.829383411374723,6.093574872209734,11.033376596998115
++YaURSMRfxpiejMJAAQnqedXv+SD6/pbpXHeEL7Up+BMoYpIguytZY221O9w2MU,2590500,3.227959358895827,2.487725039650067,5.26952637988456
+0V83GAT9/LBkYPOTgs5quW2HLuJ4cOtPAPRxGvBzspzWX4M98ge++teHmxXa9O6,2590500,1.6104384333331925,1.2971217328326496,2.4744277165575825
++t/jzDcPUBC41YWESI+Kzbs0jcBetS/7Go/OVmWQzqwMVF7gd8KCBxqGq3tbgBH,2590500,10.676689775632743,6.486271202370018,34.18387379616944
+01lehW/X+qO9w+O82I35ZZiTeTOO4KvnldoFr/9MnWswezhlJT9yMUsqzU+gpM3,2590500,5.022492181484573,2.575754828955132,10.526591833944137
++hDqVELyX1258m1wToTpHdRS6Nk/3mNWAyErIiCbBBFRJd/JXYXi/TNw2mYImrv,2590500,6.235739736966537,1.663921992472884,68.87240391994695
+/wNG6dGKhTncqCVC2LWcBBqX5HprOc21L/R/WxyERmnvHB/AazZZMQXu0qd6wd3,2590500,5.337631082156478,4.10953375057251,8.659774538711348
+/IBp5ZmpI52PY2knCTAV3ErhI9o1p9jsUmLtvoXCq1J8LT+JQbpwTyveZ+uekze,2590500,3.616974942693554,2.638677019076172,4.642431419308206
++IOeOTxdVvZK/TL3+ywZwJFufqvwcEKJHGQOXkgyXLB0Or8CzGMozIQQ9z25Zmq,2590500,3.8314005246662814,2.0119967843810915,6.780477757504458
+/cMkNVRW6Tc7r1FZDeTFVkR2OYbXq14BnCyKllT4ww3+Jv4yNdTTmxkel5e80Z4,2590500,0.4823502747331074,0.3166273397757315,0.7541726953362271
+0Vl4Tkha3rkmtk0QGs+6PFlf2S4nUBIwvkrAi3Kp6NvHOLYhVhPnaSolR/QvzLa,2590500,7.41298834851422,5.650727022273944,11.31003689783733
+/rQnJNCAofELmyBsvvGkyvx2Jp5ndIxGrotgJFzots9hkMUBL3C1oDPYsrrI6Uj,2590500,1.0494047906349329,0.7971855423248329,1.6755352345204024
+/Yy3DjKx86CbeN465zhsj0s/0z3q57TyJbIWz1kLbDKmLKjqg7G3ceotFZG3uyO,2590500,0.2606102566741087,0.2190307775155011,0.3206859268503978
+/0HALY9pQNcvgjdplrNrqayw4sCAL4yn2k6ln6nMsV+7gLwyRj8K5zLrk95JZgn,2590500,11.66199187973546,7.155658269101978,36.31105789705877
+/0SRtAF28BjF83a/LsJ5t9jNKdeYSvhBY5GZ2PNbKChzlzsWxqePjQR6o6KMqk3,2590500,9.59474809939876,6.268645631356569,25.955923196160047
++mWTX5JTBLFP+99jRSRAdaQvfONXaEVeL9phiSGhNPenHutanL6vBEknpm+r9kF,2590500,0.9608990247435096,0.817420950333141,1.6088580045082128
+0MPMDlA4GhzXpLdpntIOG+yHg7qynyzKfS2Dra/BRe+4E6iSjDmtEC12z394wbZ,2590500,19.152968239051297,17.84752234759325,21.179149773894085
++K1JA9Y3njfZbU+YKjTKAq5pr5g29e7V5DQDAEeIHJmTormu8GHCArAI7WKSjAN,2590500,6.331691917337725,5.228698125400476,8.270311001290114
+/+K1IB+TK3fT/agLMFqkV2/oW0GkblLMGp6zsIUSmIY10Ylf4WxO/gn2IqjimkH,2590500,93.43561843549512,91.82912544668145,94.6981600997388
+0PVzV2DIsPfP0jd821rGDyvHMeLLX3pn2dNrEZKDZ4GFQDjPbRW1noGEHwILKp2,2590500,3.796608280541693,2.464801407444198,4.953336331429528
+/ukM/mUlfiCHtfyu1q9CelblpLRazJjQgTyLGSFKCApJlrrtEJWDiS6Q/3RbzJ6,2590500,25.79855809491876,14.227572350249158,48.82714846771757
+0SS2s1s0MLN3HhS3YSk8UzukY8f4LVwGRjxqe3sSzM6nIG3dCIy0Bk6VFX3pYjf,2590500,3.7443294788359247,0.7413706909894221,22.22335458052611
+0Jd+wdmj6dMot0AhPIWA+g1gOvE4IfCQ9YDlQ9zFal5GjTFUOidWBxMqsj91O7H,2590500,1.3775141627517793,0.9173009428138452,3.1699854459529786
+0neyLjl/M7+LCIXzcbVgU1cI4ZoAOJSMoghcys5Lw41dl3GenPQo7RGb1ZqNUC4,2590500,4.663816530668745,1.0185064590915889,7.518773736714749
++FMR8J3q13OK/H1+i06f2dMu+HmeNpnPh8rUsLhm1RcCvvb0IyQw2Dd/unc+htF,2590500,0.2471753452070012,0.1421074889721845,0.513632271725361
++ZSbZd5OJYsKufT38lazeV3bEVgYHMQuyGN3VawPvGypHCQ5Hnh4/09CYEnvzAJ,2590500,4.804409726566408,2.6681386684611343,6.9589930874006285
+/PZ1tRDQ/bKUUuRG5DzeNpwaDH5eJVKwo+q2tz4QBrZaDSKUHzEA57FZvmVQ5NN,2590500,5.28448577954678,4.405159499657777,7.219922871551432
++i+VfaDe6HijyLIg3HMC5tLQAPzBfheoY0OvfvtwJuNiLUCG33OEPX0hkL6Lxdy,2590500,1.5185593407631222,0.7443881947192007,3.203267458301272
+0Ae1sc/7s2Z9Ud/MGDY3WF8frcWDKhSejOJV39SzlYhMUGCquYlrz4ILtTgRltY,2590500,1.8361124360520296,1.7357630925458876,2.065857024331217
+0KTCEXjQkx8/CbquVpWQa0163/6X4ZV/0yuh2KPFAoWcL2XKsDHLgSU5WpfTwkv,2590500,10.784293892134864,9.620953076525598,13.14871289217557
+0EZ1t8E1q2F38x5GoOiuaDhO9/V6q2Novw6tetJBu0jLcLkg/dD7fVEp3H6IlAG,2590500,27.555766316433346,1.2282721600142794,62.48965196948923
+0Ii9rjmLzvRD5zGmj58f8sVGdDdOezWrvNh08QbJrXKiAvDkIhQSdFlrJsnugGo,2590500,12.75483826948428,10.415977807330204,15.469261329547026
+0FzqM9WD5+bcjGPCyluiW95Mef+pCXuQ3LN+qDXfXdzyWzEVj6fEqacZ8GzgjIB,2590500,12.875818685410923,10.743609132399929,23.268327320315944
+014+PWQOfo9mfPNAh4yXaAjejfRUx7Rlei/rAKCtaDKep+rsyUrDQqz5XtRDJ0T,2590800,3.587429416496096,3.1969776518250046,4.553131147263702
+0qjtAAokht4XhYVjr7HSlpGtATjeHRZpd8Xy2csGh/w5WHerXbjvQU4cMnU5SAv,2590800,1.4483619294620158,1.1780425757007034,3.027380244001177
++hfw97Av2GRn4TKXSLPyrvMJUhVRfKqR1U9cGqYxYxP1G5Iz4AJIKvEIkvOIEQs,2590800,1.8950119488849664,1.1992718577647472,5.009053046391497
++AaWa93hwQ6GCEvcPYAtjETFHt7jzXugxuz5P4E9LMVMvSklMvqxfNgSs6qCDMP,2590800,50.89035487145991,49.34022705183025,51.68598118830498
++uhk8fzLlz4iZT/e31fwvAOoy7PCkWwsGKrZqaMFOMlhOWmfuXGCcgh3XStk4qB,2590800,7.590467035587166,5.94906519240604,11.611134054578224
++YaURSMRfxpiejMJAAQnqedXv+SD6/pbpXHeEL7Up+BMoYpIguytZY221O9w2MU,2590800,2.9688632825423293,2.6125154296683686,3.4856840400396014
+0V83GAT9/LBkYPOTgs5quW2HLuJ4cOtPAPRxGvBzspzWX4M98ge++teHmxXa9O6,2590800,3.7763302284253744,1.3133443752113645,16.497532023431127
++t/jzDcPUBC41YWESI+Kzbs0jcBetS/7Go/OVmWQzqwMVF7gd8KCBxqGq3tbgBH,2590800,15.733330451662844,7.649804544467821,36.71784140802312
+01lehW/X+qO9w+O82I35ZZiTeTOO4KvnldoFr/9MnWswezhlJT9yMUsqzU+gpM3,2590800,4.927793813384843,2.383908914077705,10.313248356125907
++hDqVELyX1258m1wToTpHdRS6Nk/3mNWAyErIiCbBBFRJd/JXYXi/TNw2mYImrv,2590800,2.453648935726151,1.8141283278187967,4.20011424516472
+/wNG6dGKhTncqCVC2LWcBBqX5HprOc21L/R/WxyERmnvHB/AazZZMQXu0qd6wd3,2590800,5.182892372611768,4.381756656797696,7.52960596295731
+/IBp5ZmpI52PY2knCTAV3ErhI9o1p9jsUmLtvoXCq1J8LT+JQbpwTyveZ+uekze,2590800,3.6425211492661673,2.5654841595258966,5.024214468735448
++IOeOTxdVvZK/TL3+ywZwJFufqvwcEKJHGQOXkgyXLB0Or8CzGMozIQQ9z25Zmq,2590800,2.1957244518261847,1.8565367302775269,2.8261783421354814
+/cMkNVRW6Tc7r1FZDeTFVkR2OYbXq14BnCyKllT4ww3+Jv4yNdTTmxkel5e80Z4,2590800,0.5496916065631032,0.3000945013456139,2.2158451894365405
+0Vl4Tkha3rkmtk0QGs+6PFlf2S4nUBIwvkrAi3Kp6NvHOLYhVhPnaSolR/QvzLa,2590800,15.57011330555252,5.886568753046829,76.97665440677082
+/rQnJNCAofELmyBsvvGkyvx2Jp5ndIxGrotgJFzots9hkMUBL3C1oDPYsrrI6Uj,2590800,1.0370437788615825,0.7320309335986988,1.7639557457019306
+/Yy3DjKx86CbeN465zhsj0s/0z3q57TyJbIWz1kLbDKmLKjqg7G3ceotFZG3uyO,2590800,0.2629719184065691,0.20881029748112,0.3299292147644644
+/0HALY9pQNcvgjdplrNrqayw4sCAL4yn2k6ln6nMsV+7gLwyRj8K5zLrk95JZgn,2590800,12.872874288030449,7.895661761427398,37.16599345861631
+/0SRtAF28BjF83a/LsJ5t9jNKdeYSvhBY5GZ2PNbKChzlzsWxqePjQR6o6KMqk3,2590800,11.081567199557602,7.07971264998708,37.138604074833125
++mWTX5JTBLFP+99jRSRAdaQvfONXaEVeL9phiSGhNPenHutanL6vBEknpm+r9kF,2590800,2.121662614803601,0.8965555487071705,6.8563203297367
+0MPMDlA4GhzXpLdpntIOG+yHg7qynyzKfS2Dra/BRe+4E6iSjDmtEC12z394wbZ,2590800,21.938613925181,17.713164801864707,38.61309526887152
++K1JA9Y3njfZbU+YKjTKAq5pr5g29e7V5DQDAEeIHJmTormu8GHCArAI7WKSjAN,2590800,6.91380167396102,5.4202627125959815,12.675988851987276
+/+K1IB+TK3fT/agLMFqkV2/oW0GkblLMGp6zsIUSmIY10Ylf4WxO/gn2IqjimkH,2590800,93.4578271884801,90.78926325861832,95.04597254879576
+0PVzV2DIsPfP0jd821rGDyvHMeLLX3pn2dNrEZKDZ4GFQDjPbRW1noGEHwILKp2,2590800,4.194592905498257,2.896737762081078,6.10875090699673
+0SS2s1s0MLN3HhS3YSk8UzukY8f4LVwGRjxqe3sSzM6nIG3dCIy0Bk6VFX3pYjf,2590800,3.3077023106939847,0.7053202702487055,15.81867734530656
+/ukM/mUlfiCHtfyu1q9CelblpLRazJjQgTyLGSFKCApJlrrtEJWDiS6Q/3RbzJ6,2590800,29.58351730164357,21.45310448290033,40.12910188522422
+0Jd+wdmj6dMot0AhPIWA+g1gOvE4IfCQ9YDlQ9zFal5GjTFUOidWBxMqsj91O7H,2590800,1.4195946039734306,0.8745248024306301,3.314894601415157
+0neyLjl/M7+LCIXzcbVgU1cI4ZoAOJSMoghcys5Lw41dl3GenPQo7RGb1ZqNUC4,2590800,3.191485812651654,1.1238474186898926,5.989939059115484
++FMR8J3q13OK/H1+i06f2dMu+HmeNpnPh8rUsLhm1RcCvvb0IyQw2Dd/unc+htF,2590800,0.2376210812790512,0.1436038454978357,0.446160936349382
++ZSbZd5OJYsKufT38lazeV3bEVgYHMQuyGN3VawPvGypHCQ5Hnh4/09CYEnvzAJ,2590800,8.75118006494773,3.9336061497630017,60.14026939590678
+/PZ1tRDQ/bKUUuRG5DzeNpwaDH5eJVKwo+q2tz4QBrZaDSKUHzEA57FZvmVQ5NN,2590800,6.361086875001377,4.459527601554167,16.36099250814843
++i+VfaDe6HijyLIg3HMC5tLQAPzBfheoY0OvfvtwJuNiLUCG33OEPX0hkL6Lxdy,2590800,2.16644050635663,0.888149375684572,6.730302269730146
+0Ae1sc/7s2Z9Ud/MGDY3WF8frcWDKhSejOJV39SzlYhMUGCquYlrz4ILtTgRltY,2590800,1.8783405819967265,1.6673771767547492,2.8350042989630024
+0KTCEXjQkx8/CbquVpWQa0163/6X4ZV/0yuh2KPFAoWcL2XKsDHLgSU5WpfTwkv,2590800,15.926160422556206,9.550514807153563,39.73323404276083
+0EZ1t8E1q2F38x5GoOiuaDhO9/V6q2Novw6tetJBu0jLcLkg/dD7fVEp3H6IlAG,2590800,1.819014465044868,1.3950181529179684,3.9628835930336055
+0Ii9rjmLzvRD5zGmj58f8sVGdDdOezWrvNh08QbJrXKiAvDkIhQSdFlrJsnugGo,2590800,17.105826043738272,9.96846381518727,40.40671514142313
+0FzqM9WD5+bcjGPCyluiW95Mef+pCXuQ3LN+qDXfXdzyWzEVj6fEqacZ8GzgjIB,2590800,12.198432836069935,10.59789582747446,14.446407992839855
+014+PWQOfo9mfPNAh4yXaAjejfRUx7Rlei/rAKCtaDKep+rsyUrDQqz5XtRDJ0T,2591100,3.5820635059766976,3.206048503835865,4.577877045778771
+0qjtAAokht4XhYVjr7HSlpGtATjeHRZpd8Xy2csGh/w5WHerXbjvQU4cMnU5SAv,2591100,1.321208178099063,1.027239006552665,1.9889520351262664
++hfw97Av2GRn4TKXSLPyrvMJUhVRfKqR1U9cGqYxYxP1G5Iz4AJIKvEIkvOIEQs,2591100,2.4777201954067016,1.057412551898815,11.021339516879086
++AaWa93hwQ6GCEvcPYAtjETFHt7jzXugxuz5P4E9LMVMvSklMvqxfNgSs6qCDMP,2591100,50.56333025029066,48.23467235724588,52.000321434298826
++uhk8fzLlz4iZT/e31fwvAOoy7PCkWwsGKrZqaMFOMlhOWmfuXGCcgh3XStk4qB,2591100,6.6349094562330935,5.825383269258964,8.10394240101022
++YaURSMRfxpiejMJAAQnqedXv+SD6/pbpXHeEL7Up+BMoYpIguytZY221O9w2MU,2591100,3.3206691684688776,2.6330326121484524,5.787336036076473
+0V83GAT9/LBkYPOTgs5quW2HLuJ4cOtPAPRxGvBzspzWX4M98ge++teHmxXa9O6,2591100,2.482011992590781,1.2087377261094434,9.403268422380377
+01lehW/X+qO9w+O82I35ZZiTeTOO4KvnldoFr/9MnWswezhlJT9yMUsqzU+gpM3,2591100,4.88942960036152,2.069215640268253,9.991444916204829
++t/jzDcPUBC41YWESI+Kzbs0jcBetS/7Go/OVmWQzqwMVF7gd8KCBxqGq3tbgBH,2591100,7.972685997256054,7.063579771999682,9.111875196599334
++hDqVELyX1258m1wToTpHdRS6Nk/3mNWAyErIiCbBBFRJd/JXYXi/TNw2mYImrv,2591100,4.650106986324078,1.7037828128158354,51.92940849222644
+/wNG6dGKhTncqCVC2LWcBBqX5HprOc21L/R/WxyERmnvHB/AazZZMQXu0qd6wd3,2591100,4.795342203395265,3.9872343180108953,5.198897457246588
+/IBp5ZmpI52PY2knCTAV3ErhI9o1p9jsUmLtvoXCq1J8LT+JQbpwTyveZ+uekze,2591100,3.7216469870548834,2.584726962064821,4.982275151709591
++IOeOTxdVvZK/TL3+ywZwJFufqvwcEKJHGQOXkgyXLB0Or8CzGMozIQQ9z25Zmq,2591100,2.0894724962943223,1.8866118369590663,2.241084854908874
+/cMkNVRW6Tc7r1FZDeTFVkR2OYbXq14BnCyKllT4ww3+Jv4yNdTTmxkel5e80Z4,2591100,0.4591937384136614,0.3062814834172891,0.6921198108080381
+0Vl4Tkha3rkmtk0QGs+6PFlf2S4nUBIwvkrAi3Kp6NvHOLYhVhPnaSolR/QvzLa,2591100,6.948301740518703,5.527137171670355,8.964647398132705
+/rQnJNCAofELmyBsvvGkyvx2Jp5ndIxGrotgJFzots9hkMUBL3C1oDPYsrrI6Uj,2591100,1.060411184305337,0.8089203591286956,1.9454057156536395
+/Yy3DjKx86CbeN465zhsj0s/0z3q57TyJbIWz1kLbDKmLKjqg7G3ceotFZG3uyO,2591100,0.2711401418369149,0.2247999913632689,0.3532762199005455
+/0HALY9pQNcvgjdplrNrqayw4sCAL4yn2k6ln6nMsV+7gLwyRj8K5zLrk95JZgn,2591100,20.10729659849485,7.311201792696036,69.92103522041128
+/0SRtAF28BjF83a/LsJ5t9jNKdeYSvhBY5GZ2PNbKChzlzsWxqePjQR6o6KMqk3,2591100,15.013749498805677,6.251483665705001,61.229494353596216
++mWTX5JTBLFP+99jRSRAdaQvfONXaEVeL9phiSGhNPenHutanL6vBEknpm+r9kF,2591100,0.9695981370546688,0.8014892312528612,1.6397938042302187
+0MPMDlA4GhzXpLdpntIOG+yHg7qynyzKfS2Dra/BRe+4E6iSjDmtEC12z394wbZ,2591100,19.11253256147328,17.40982079153481,21.570600652140183
++K1JA9Y3njfZbU+YKjTKAq5pr5g29e7V5DQDAEeIHJmTormu8GHCArAI7WKSjAN,2591100,6.452150505922726,5.636797483350232,7.7117587376400145
+/+K1IB+TK3fT/agLMFqkV2/oW0GkblLMGp6zsIUSmIY10Ylf4WxO/gn2IqjimkH,2591100,93.2227432723543,91.87475983518364,94.65822711784726
+0PVzV2DIsPfP0jd821rGDyvHMeLLX3pn2dNrEZKDZ4GFQDjPbRW1noGEHwILKp2,2591100,4.283265414639094,3.1971457971452355,5.781351214614016
+0SS2s1s0MLN3HhS3YSk8UzukY8f4LVwGRjxqe3sSzM6nIG3dCIy0Bk6VFX3pYjf,2591100,2.937266605051033,0.65515656924223,22.934064090176868
+/ukM/mUlfiCHtfyu1q9CelblpLRazJjQgTyLGSFKCApJlrrtEJWDiS6Q/3RbzJ6,2591100,27.3006834590821,17.60190601515065,44.40355334777632
+0Jd+wdmj6dMot0AhPIWA+g1gOvE4IfCQ9YDlQ9zFal5GjTFUOidWBxMqsj91O7H,2591100,1.9810180391413792,0.9217762117109768,7.530609097531485
+0neyLjl/M7+LCIXzcbVgU1cI4ZoAOJSMoghcys5Lw41dl3GenPQo7RGb1ZqNUC4,2591100,4.701812365904725,1.3209847169445743,10.157664722946194
++FMR8J3q13OK/H1+i06f2dMu+HmeNpnPh8rUsLhm1RcCvvb0IyQw2Dd/unc+htF,2591100,0.374017225577928,0.154704412229538,2.066018437859715
++ZSbZd5OJYsKufT38lazeV3bEVgYHMQuyGN3VawPvGypHCQ5Hnh4/09CYEnvzAJ,2591100,5.608886337845106,3.426444481381023,8.586609399680924
+/PZ1tRDQ/bKUUuRG5DzeNpwaDH5eJVKwo+q2tz4QBrZaDSKUHzEA57FZvmVQ5NN,2591100,6.687629557248107,4.378554623683875,21.79437034983435
++i+VfaDe6HijyLIg3HMC5tLQAPzBfheoY0OvfvtwJuNiLUCG33OEPX0hkL6Lxdy,2591100,1.5378993526419211,0.7012655919535052,3.1558201689160863
+0Ae1sc/7s2Z9Ud/MGDY3WF8frcWDKhSejOJV39SzlYhMUGCquYlrz4ILtTgRltY,2591100,2.1808182433705245,1.6223298175394398,3.7223175237939214
+0KTCEXjQkx8/CbquVpWQa0163/6X4ZV/0yuh2KPFAoWcL2XKsDHLgSU5WpfTwkv,2591100,17.418039412111302,9.653980516973585,53.9578809177902
+0EZ1t8E1q2F38x5GoOiuaDhO9/V6q2Novw6tetJBu0jLcLkg/dD7fVEp3H6IlAG,2591100,19.053782100889123,1.2810157905306252,66.0526518305514
+0Ii9rjmLzvRD5zGmj58f8sVGdDdOezWrvNh08QbJrXKiAvDkIhQSdFlrJsnugGo,2591100,18.72192969379838,10.288267682125824,62.52042689413958
+0FzqM9WD5+bcjGPCyluiW95Mef+pCXuQ3LN+qDXfXdzyWzEVj6fEqacZ8GzgjIB,2591100,12.370358550966657,10.420654747296217,15.725587366223836
+014+PWQOfo9mfPNAh4yXaAjejfRUx7Rlei/rAKCtaDKep+rsyUrDQqz5XtRDJ0T,2591400,3.581508755991396,3.2852909046090017,4.577906792431666
+0qjtAAokht4XhYVjr7HSlpGtATjeHRZpd8Xy2csGh/w5WHerXbjvQU4cMnU5SAv,2591400,1.5879805336760082,1.1652128220409324,3.506753945557642
++hfw97Av2GRn4TKXSLPyrvMJUhVRfKqR1U9cGqYxYxP1G5Iz4AJIKvEIkvOIEQs,2591400,2.7583766827353227,1.026170813911804,11.894058974288058
++AaWa93hwQ6GCEvcPYAtjETFHt7jzXugxuz5P4E9LMVMvSklMvqxfNgSs6qCDMP,2591400,50.66346062666853,49.54830221028691,51.77331894267524
++uhk8fzLlz4iZT/e31fwvAOoy7PCkWwsGKrZqaMFOMlhOWmfuXGCcgh3XStk4qB,2591400,6.679746111795437,5.4176354537069615,8.140922334848181
++YaURSMRfxpiejMJAAQnqedXv+SD6/pbpXHeEL7Up+BMoYpIguytZY221O9w2MU,2591400,2.9085899413411216,2.5372988650034647,3.3489823268701944
+0V83GAT9/LBkYPOTgs5quW2HLuJ4cOtPAPRxGvBzspzWX4M98ge++teHmxXa9O6,2591400,3.029565627158661,1.3124224467298973,12.336720699987612
++t/jzDcPUBC41YWESI+Kzbs0jcBetS/7Go/OVmWQzqwMVF7gd8KCBxqGq3tbgBH,2591400,10.992410870097332,7.010684435387112,24.96301113365351
+01lehW/X+qO9w+O82I35ZZiTeTOO4KvnldoFr/9MnWswezhlJT9yMUsqzU+gpM3,2591400,4.907335526777673,2.3167027545912022,9.70792228464654
++hDqVELyX1258m1wToTpHdRS6Nk/3mNWAyErIiCbBBFRJd/JXYXi/TNw2mYImrv,2591400,5.371924188372441,1.7583705906900708,23.097716651927417
+/wNG6dGKhTncqCVC2LWcBBqX5HprOc21L/R/WxyERmnvHB/AazZZMQXu0qd6wd3,2591400,4.930001806799219,4.092394705680621,6.687648858696102
+/IBp5ZmpI52PY2knCTAV3ErhI9o1p9jsUmLtvoXCq1J8LT+JQbpwTyveZ+uekze,2591400,3.4424078389951505,2.417046809435138,4.5414049964779855
++IOeOTxdVvZK/TL3+ywZwJFufqvwcEKJHGQOXkgyXLB0Or8CzGMozIQQ9z25Zmq,2591400,2.265188696337904,1.9685514722367643,3.2963793524560367
+/cMkNVRW6Tc7r1FZDeTFVkR2OYbXq14BnCyKllT4ww3+Jv4yNdTTmxkel5e80Z4,2591400,0.4742569678498073,0.3110302273081092,0.8244004333890034
+0Vl4Tkha3rkmtk0QGs+6PFlf2S4nUBIwvkrAi3Kp6NvHOLYhVhPnaSolR/QvzLa,2591400,18.55420354291412,5.992177589688914,53.25025588433699
+/rQnJNCAofELmyBsvvGkyvx2Jp5ndIxGrotgJFzots9hkMUBL3C1oDPYsrrI6Uj,2591400,1.0637307405904672,0.7885204694900658,2.0574345179060454
+/Yy3DjKx86CbeN465zhsj0s/0z3q57TyJbIWz1kLbDKmLKjqg7G3ceotFZG3uyO,2591400,0.2582746760624969,0.1972103642386696,0.3507208653214453
+/0HALY9pQNcvgjdplrNrqayw4sCAL4yn2k6ln6nMsV+7gLwyRj8K5zLrk95JZgn,2591400,10.423531527435763,7.831280716821208,23.01729646324501
+/0SRtAF28BjF83a/LsJ5t9jNKdeYSvhBY5GZ2PNbKChzlzsWxqePjQR6o6KMqk3,2591400,7.29007856056655,6.299060416768408,8.879136761394502
++mWTX5JTBLFP+99jRSRAdaQvfONXaEVeL9phiSGhNPenHutanL6vBEknpm+r9kF,2591400,0.9375812727352792,0.8012986979004908,1.1837002384187003
+0MPMDlA4GhzXpLdpntIOG+yHg7qynyzKfS2Dra/BRe+4E6iSjDmtEC12z394wbZ,2591400,19.261076042764167,17.771148360462664,21.881207115252703
++K1JA9Y3njfZbU+YKjTKAq5pr5g29e7V5DQDAEeIHJmTormu8GHCArAI7WKSjAN,2591400,6.70138029687732,5.257968187028742,8.957829174206365
+/+K1IB+TK3fT/agLMFqkV2/oW0GkblLMGp6zsIUSmIY10Ylf4WxO/gn2IqjimkH,2591400,93.62681053698928,92.29055106320126,94.61495899871996
+0PVzV2DIsPfP0jd821rGDyvHMeLLX3pn2dNrEZKDZ4GFQDjPbRW1noGEHwILKp2,2591400,5.52936382324684,3.331956753079956,9.168097689658556
+/ukM/mUlfiCHtfyu1q9CelblpLRazJjQgTyLGSFKCApJlrrtEJWDiS6Q/3RbzJ6,2591400,19.24823945969421,14.164937109908555,31.58455259407921
+0SS2s1s0MLN3HhS3YSk8UzukY8f4LVwGRjxqe3sSzM6nIG3dCIy0Bk6VFX3pYjf,2591400,3.091908167786386,0.6747653720191209,13.881725380475762
+0Jd+wdmj6dMot0AhPIWA+g1gOvE4IfCQ9YDlQ9zFal5GjTFUOidWBxMqsj91O7H,2591400,1.404718969740939,0.9453921187724508,3.202805939284824
+0neyLjl/M7+LCIXzcbVgU1cI4ZoAOJSMoghcys5Lw41dl3GenPQo7RGb1ZqNUC4,2591400,5.199210952511068,1.3886989752014818,10.749299824248354
++FMR8J3q13OK/H1+i06f2dMu+HmeNpnPh8rUsLhm1RcCvvb0IyQw2Dd/unc+htF,2591400,0.2359268690066582,0.1597143344587709,0.44419967285716
++ZSbZd5OJYsKufT38lazeV3bEVgYHMQuyGN3VawPvGypHCQ5Hnh4/09CYEnvzAJ,2591400,5.528427185128617,2.9461666133234106,8.68758034421286
+/PZ1tRDQ/bKUUuRG5DzeNpwaDH5eJVKwo+q2tz4QBrZaDSKUHzEA57FZvmVQ5NN,2591400,10.197334149484671,4.604514868183604,37.14490270403197
++i+VfaDe6HijyLIg3HMC5tLQAPzBfheoY0OvfvtwJuNiLUCG33OEPX0hkL6Lxdy,2591400,1.5765482389293823,0.7734486670484352,3.095905568053991
+0Ae1sc/7s2Z9Ud/MGDY3WF8frcWDKhSejOJV39SzlYhMUGCquYlrz4ILtTgRltY,2591400,1.9367514774731784,1.5568893577043326,3.039149775136525
+0KTCEXjQkx8/CbquVpWQa0163/6X4ZV/0yuh2KPFAoWcL2XKsDHLgSU5WpfTwkv,2591400,13.015504848077097,9.530248932568531,26.206587490127745
+0EZ1t8E1q2F38x5GoOiuaDhO9/V6q2Novw6tetJBu0jLcLkg/dD7fVEp3H6IlAG,2591400,46.12015482348308,1.7231163443346271,94.0288169896876
+0Ii9rjmLzvRD5zGmj58f8sVGdDdOezWrvNh08QbJrXKiAvDkIhQSdFlrJsnugGo,2591400,14.101270152984409,10.037183350776749,29.69717034315691
+0FzqM9WD5+bcjGPCyluiW95Mef+pCXuQ3LN+qDXfXdzyWzEVj6fEqacZ8GzgjIB,2591400,12.342289913489346,10.51047989979968,14.313912663684256
